id,name,link
49303,Anders Albertson,https://www.pgatour.com/player/49303/anders-albertson/
33948,Byeong Hun An,https://www.pgatour.com/player/33948/byeong-hun-an/
52370,Mason Andersen,https://www.pgatour.com/player/52370/mason-andersen/
52955,Ludvig Åberg,https://www.pgatour.com/player/52955/ludvig-åberg/
22371,Aaron Baddeley,https://www.pgatour.com/player/22371/aaron-baddeley/
40026,Daniel Berger,https://www.pgatour.com/player/40026/daniel-berger/
45522,Christiaan Bezuidenhout,https://www.pgatour.com/player/45522/christiaan-bezuidenhout/
56630,Akshay Bhatia,https://www.pgatour.com/player/56630/akshay-bhatia/
40058,Zac Blair,https://www.pgatour.com/player/40058/zac-blair/
33141,Keegan Bradley,https://www.pgatour.com/player/33141/keegan-bradley/
34255,Joseph Bramlett,https://www.pgatour.com/player/34255/joseph-bramlett/
28420,Ryan Brehm,https://www.pgatour.com/player/28420/ryan-brehm/
60004,Jacob Bridgeman,https://www.pgatour.com/player/60004/jacob-bridgeman/
48084,Wesley Bryan,https://www.pgatour.com/player/48084/wesley-bryan/
55708,Hayden Buckley,https://www.pgatour.com/player/55708/hayden-buckley/
29268,Bronson Burgoon,https://www.pgatour.com/player/29268/bronson-burgoon/
47504,Sam Burns,https://www.pgatour.com/player/47504/sam-burns/
46443,Brian Campbell,https://www.pgatour.com/player/46443/brian-campbell/
32070,Rafael Campos,https://www.pgatour.com/player/32070/rafael-campos/
35450,Patrick Cantlay,https://www.pgatour.com/player/35450/patrick-cantlay/
49590,Frankie Capan III,https://www.pgatour.com/player/49590/frankie-capan-iii/
59440,Ricky Castillo,https://www.pgatour.com/player/59440/ricky-castillo/
34021,Bud Cauley,https://www.pgatour.com/player/34021/bud-cauley/
52372,Cameron Champ,https://www.pgatour.com/player/52372/cameron-champ/
58933,Will Chandler,https://www.pgatour.com/player/58933/will-chandler/
32366,Kevin Chappell,https://www.pgatour.com/player/32366/kevin-chappell/
20229,Stewart Cink,https://www.pgatour.com/player/20229/stewart-cink/
66743,Luke Clanton,https://www.pgatour.com/player/66743/luke-clanton/
51766,Wyndham Clark,https://www.pgatour.com/player/51766/wyndham-clark/
47591,Eric Cole,https://www.pgatour.com/player/47591/eric-cole/
49453,Trevor Cone,https://www.pgatour.com/player/49453/trevor-cone/
39997,Corey Conners,https://www.pgatour.com/player/39997/corey-conners/
59442,Parker Coody,https://www.pgatour.com/player/59442/parker-coody/
59836,Pierceson Coody,https://www.pgatour.com/player/59836/pierceson-coody/
46435,Austin Cook,https://www.pgatour.com/player/46435/austin-cook/
32982,Vince Covello,https://www.pgatour.com/player/32982/vince-covello/
52514,Trace Crowe,https://www.pgatour.com/player/52514/trace-crowe/
58605,Quade Cummins,https://www.pgatour.com/player/58605/quade-cummins/
39067,MJ Daffue,https://www.pgatour.com/player/39067/mj-daffue/
34076,Joel Dahmen,https://www.pgatour.com/player/34076/joel-dahmen/
45157,Cam Davis,https://www.pgatour.com/player/45157/cam-davis/
28089,Jason Day,https://www.pgatour.com/player/28089/jason-day/
39859,Cristobal Del Solar,https://www.pgatour.com/player/39859/cristobal-del-solar/
33653,Thomas Detry,https://www.pgatour.com/player/33653/thomas-detry/
51690,Taylor Dickson,https://www.pgatour.com/player/51690/taylor-dickson/
50497,Adrien Dumont de Chassart,https://www.pgatour.com/player/50497/adrien-dumont-de-chassart/
45609,Tyler Duncan,https://www.pgatour.com/player/45609/tyler-duncan/
59866,Nick Dunlap,https://www.pgatour.com/player/59866/nick-dunlap/
51349,Nico Echavarria,https://www.pgatour.com/player/51349/nico-echavarria/
57362,Austin Eckroat,https://www.pgatour.com/player/57362/austin-eckroat/
47079,Harrison Endycott,https://www.pgatour.com/player/47079/harrison-endycott/
34099,Harris English,https://www.pgatour.com/player/34099/harris-english/
29725,Tony Finau,https://www.pgatour.com/player/29725/tony-finau/
54576,Patrick Fishburn,https://www.pgatour.com/player/54576/patrick-fishburn/
57123,Steven Fisk,https://www.pgatour.com/player/57123/steven-fisk/
40098,Matt Fitzpatrick,https://www.pgatour.com/player/40098/matt-fitzpatrick/
30911,Tommy Fleetwood,https://www.pgatour.com/player/30911/tommy-fleetwood/
65256,David Ford,https://www.pgatour.com/player/65256/david-ford/
32102,Rickie Fowler,https://www.pgatour.com/player/32102/rickie-fowler/
29936,Ryan Fox,https://www.pgatour.com/player/29936/ryan-fox/
29535,Brice Garnett,https://www.pgatour.com/player/29535/brice-garnett/
19846,Brian Gay,https://www.pgatour.com/player/19846/brian-gay/
59018,Ryan Gerard,https://www.pgatour.com/player/59018/ryan-gerard/
52375,Doug Ghim,https://www.pgatour.com/player/52375/doug-ghim/
25900,Lucas Glover,https://www.pgatour.com/player/25900/lucas-glover/
28679,Fabián Gómez,https://www.pgatour.com/player/28679/fabián-gómez/
55165,Noah Goodwin,https://www.pgatour.com/player/55165/noah-goodwin/
56762,Will Gordon,https://www.pgatour.com/player/56762/will-gordon/
59095,Chris Gotterup,https://www.pgatour.com/player/59095/chris-gotterup/
51977,Max Greyserman,https://www.pgatour.com/player/51977/max-greyserman/
54591,Ben Griffin,https://www.pgatour.com/player/54591/ben-griffin/
35310,Lanto Griffin,https://www.pgatour.com/player/35310/lanto-griffin/
31646,Emiliano Grillo,https://www.pgatour.com/player/31646/emiliano-grillo/
24924,Bill Haas,https://www.pgatour.com/player/24924/bill-haas/
34563,Chesson Hadley,https://www.pgatour.com/player/34563/chesson-hadley/
33399,Adam Hadwin,https://www.pgatour.com/player/33399/adam-hadwin/
32448,James Hahn,https://www.pgatour.com/player/32448/james-hahn/
57975,Harry Hall,https://www.pgatour.com/player/57975/harry-hall/
47988,Nick Hardy,https://www.pgatour.com/player/47988/nick-hardy/
27644,Brian Harman,https://www.pgatour.com/player/27644/brian-harman/
34098,Russell Henley,https://www.pgatour.com/player/34098/russell-henley/
49298,Kramer Hickok,https://www.pgatour.com/player/49298/kramer-hickok/
54421,Garrick Higgo,https://www.pgatour.com/player/54421/garrick-higgo/
33597,Harry Higgs,https://www.pgatour.com/player/33597/harry-higgs/
60067,Joe Highsmith,https://www.pgatour.com/player/60067/joe-highsmith/
51287,Ryo Hisatsune,https://www.pgatour.com/player/51287/ryo-hisatsune/
54628,Lee Hodges,https://www.pgatour.com/player/54628/lee-hodges/
51696,Rico Hoey,https://www.pgatour.com/player/51696/rico-hoey/
12716,Charley Hoffman,https://www.pgatour.com/player/12716/charley-hoffman/
35532,Tom Hoge,https://www.pgatour.com/player/35532/tom-hoge/
52453,Nicolai Højgaard,https://www.pgatour.com/player/52453/nicolai-højgaard/
52686,Rasmus Højgaard,https://www.pgatour.com/player/52686/rasmus-højgaard/
27141,J.B. Holmes,https://www.pgatour.com/player/27141/j.b.-holmes/
39977,Max Homa,https://www.pgatour.com/player/39977/max-homa/
29420,Billy Horschel,https://www.pgatour.com/player/29420/billy-horschel/
47056,Rikuya Hoshino,https://www.pgatour.com/player/47056/rikuya-hoshino/
35461,Beau Hossler,https://www.pgatour.com/player/35461/beau-hossler/
46717,Viktor Hovland,https://www.pgatour.com/player/46717/viktor-hovland/
36801,Mark Hubbard,https://www.pgatour.com/player/36801/mark-hubbard/
35506,Mackenzie Hughes,https://www.pgatour.com/player/35506/mackenzie-hughes/
34174,John Huh,https://www.pgatour.com/player/34174/john-huh/
39971,Sungjae Im,https://www.pgatour.com/player/39971/sungjae-im/
36799,Stephan Jaeger,https://www.pgatour.com/player/36799/stephan-jaeger/
24024,Zach Johnson,https://www.pgatour.com/player/24024/zach-johnson/
47917,Takumi Kanaya,https://www.pgatour.com/player/47917/takumi-kanaya/
34587,Chan Kim,https://www.pgatour.com/player/34587/chan-kim/
39975,Michael Kim,https://www.pgatour.com/player/39975/michael-kim/
50188,S.H. Kim,https://www.pgatour.com/player/50188/s.h.-kim/
37455,Si Woo Kim,https://www.pgatour.com/player/37455/si-woo-kim/
55182,Tom Kim,https://www.pgatour.com/player/55182/tom-kim/
30926,Chris Kirk,https://www.pgatour.com/player/30926/chris-kirk/
29478,Kevin Kisner,https://www.pgatour.com/player/29478/kevin-kisner/
48117,Kurt Kitayama,https://www.pgatour.com/player/48117/kurt-kitayama/
32757,Patton Kizzire,https://www.pgatour.com/player/32757/patton-kizzire/
47420,Jake Knapp,https://www.pgatour.com/player/47420/jake-knapp/
54813,Philip Knowles,https://www.pgatour.com/player/54813/philip-knowles/
33122,Russell Knox,https://www.pgatour.com/player/33122/russell-knox/
36884,Ben Kohles,https://www.pgatour.com/player/36884/ben-kohles/
23108,Matt Kuchar,https://www.pgatour.com/player/23108/matt-kuchar/
27936,Martin Laird,https://www.pgatour.com/player/27936/martin-laird/
28775,Nate Lashley,https://www.pgatour.com/player/28775/nate-lashley/
45523,Thriston Lawrence,https://www.pgatour.com/player/45523/thriston-lawrence/
32791,K.H. Lee,https://www.pgatour.com/player/32791/k.h.-lee/
37378,Min Woo Lee,https://www.pgatour.com/player/37378/min-woo-lee/
37278,Nicholas Lindheim,https://www.pgatour.com/player/37278/nicholas-lindheim/
34409,David Lingmerth,https://www.pgatour.com/player/34409/david-lingmerth/
36326,David Lipsky,https://www.pgatour.com/player/36326/david-lipsky/
27129,Luke List,https://www.pgatour.com/player/27129/luke-list/
35449,Adam Long,https://www.pgatour.com/player/35449/adam-long/
40162,Justin Lower,https://www.pgatour.com/player/40162/justin-lower/
33204,Shane Lowry,https://www.pgatour.com/player/33204/shane-lowry/
52215,Robert MacIntyre,https://www.pgatour.com/player/52215/robert-macintyre/
34466,Peter Malnati,https://www.pgatour.com/player/34466/peter-malnati/
33199,Matteo Manassero,https://www.pgatour.com/player/33199/matteo-manassero/
33413,Ben Martin,https://www.pgatour.com/player/33413/ben-martin/
32839,Hideki Matsuyama,https://www.pgatour.com/player/32839/hideki-matsuyama/
51491,Brandon Matthews,https://www.pgatour.com/player/51491/brandon-matthews/
47993,Denny McCarthy,https://www.pgatour.com/player/47993/denny-mccarthy/
59141,Matt McCarty,https://www.pgatour.com/player/59141/matt-mccarty/
40042,Tyler McCumber,https://www.pgatour.com/player/40042/tyler-mccumber/
51950,Max McGreevy,https://www.pgatour.com/player/51950/max-mcgreevy/
28237,Rory McIlroy,https://www.pgatour.com/player/28237/rory-mcilroy/
46442,Maverick McNealy,https://www.pgatour.com/player/46442/maverick-mcnealy/
59143,Mac Meissner,https://www.pgatour.com/player/59143/mac-meissner/
32640,Troy Merritt,https://www.pgatour.com/player/32640/troy-merritt/
39546,Keith Mitchell,https://www.pgatour.com/player/39546/keith-mitchell/
25198,Francesco Molinari,https://www.pgatour.com/player/25198/francesco-molinari/
55789,Taylor Montgomery,https://www.pgatour.com/player/55789/taylor-montgomery/
26596,Ryan Moore,https://www.pgatour.com/player/26596/ryan-moore/
49947,Taylor Moore,https://www.pgatour.com/player/49947/taylor-moore/
50525,Collin Morikawa,https://www.pgatour.com/player/50525/collin-morikawa/
63121,William Mouw,https://www.pgatour.com/player/63121/william-mouw/
46601,Trey Mullinax,https://www.pgatour.com/player/46601/trey-mullinax/
36871,Matt NeSmith,https://www.pgatour.com/player/36871/matt-nesmith/
29289,S.Y. Noh,https://www.pgatour.com/player/29289/s.y.-noh/
27349,Alex Noren,https://www.pgatour.com/player/27349/alex-noren/
35706,Niklas Norgaard,https://www.pgatour.com/player/35706/niklas-norgaard/
30163,Henrik Norlander,https://www.pgatour.com/player/30163/henrik-norlander/
51070,Vincent Norrman,https://www.pgatour.com/player/51070/vincent-norrman/
51997,Andrew Novak,https://www.pgatour.com/player/51997/andrew-novak/
24140,Sean O'Hair,https://www.pgatour.com/player/24140/sean-o'hair/
33968,Thorbjørn Olesen,https://www.pgatour.com/player/33968/thorbjørn-olesen/
55623,Kaito Onishi,https://www.pgatour.com/player/55623/kaito-onishi/
59160,John Pak,https://www.pgatour.com/player/59160/john-pak/
23320,Ryan Palmer,https://www.pgatour.com/player/23320/ryan-palmer/
20572,Rod Pampling,https://www.pgatour.com/player/20572/rod-pampling/
29908,C.T. Pan,https://www.pgatour.com/player/29908/c.t.-pan/
50582,Jeremy Paul,https://www.pgatour.com/player/50582/jeremy-paul/
48153,Matthieu Pavon,https://www.pgatour.com/player/48153/matthieu-pavon/
40250,Taylor Pendrith,https://www.pgatour.com/player/40250/taylor-pendrith/
47679,Victor Perez,https://www.pgatour.com/player/47679/victor-perez/
36824,Paul Peterson,https://www.pgatour.com/player/36824/paul-peterson/
57900,Chandler Phillips,https://www.pgatour.com/player/57900/chandler-phillips/
25818,Scott Piercy,https://www.pgatour.com/player/25818/scott-piercy/
49771,J.T. Poston,https://www.pgatour.com/player/49771/j.t.-poston/
63343,Aldrich Potgieter,https://www.pgatour.com/player/63343/aldrich-potgieter/
28252,Seamus Power,https://www.pgatour.com/player/28252/seamus-power/
34256,Andrew Putnam,https://www.pgatour.com/player/34256/andrew-putnam/
46414,Aaron Rai,https://www.pgatour.com/player/46414/aaron-rai/
47983,Chad Ramey,https://www.pgatour.com/player/47983/chad-ramey/
26476,Chez Reavie,https://www.pgatour.com/player/26476/chez-reavie/
64693,Matthew Riedel,https://www.pgatour.com/player/64693/matthew-riedel/
47995,Davis Riley,https://www.pgatour.com/player/47995/davis-riley/
36699,Patrick Rodgers,https://www.pgatour.com/player/36699/patrick-rodgers/
22405,Justin Rose,https://www.pgatour.com/player/22405/justin-rose/
60882,Thomas Rosenmueller,https://www.pgatour.com/player/60882/thomas-rosenmueller/
39335,Kevin Roy,https://www.pgatour.com/player/39335/kevin-roy/
46646,Antoine Rozner,https://www.pgatour.com/player/46646/antoine-rozner/
37275,Sam Ryder,https://www.pgatour.com/player/37275/sam-ryder/
56781,Isaiah Salinda,https://www.pgatour.com/player/56781/isaiah-salinda/
64442,Gordon Sargent,https://www.pgatour.com/player/64442/gordon-sargent/
48081,Xander Schauffele,https://www.pgatour.com/player/48081/xander-schauffele/
46046,Scottie Scheffler,https://www.pgatour.com/player/46046/scottie-scheffler/
47347,Adam Schenk,https://www.pgatour.com/player/47347/adam-schenk/
48867,Matti Schmid,https://www.pgatour.com/player/48867/matti-schmid/
24502,Adam Scott,https://www.pgatour.com/player/24502/adam-scott/
46441,Robby Shelton,https://www.pgatour.com/player/46441/robby-shelton/
51890,Greyson Sigg,https://www.pgatour.com/player/51890/greyson-sigg/
39327,Ben Silverman,https://www.pgatour.com/player/39327/ben-silverman/
29221,Webb Simpson,https://www.pgatour.com/player/29221/webb-simpson/
06567,Vijay Singh,https://www.pgatour.com/player/06567/vijay-singh/
27139,David Skinns,https://www.pgatour.com/player/27139/david-skinns/
46340,Alex Smalley,https://www.pgatour.com/player/46340/alex-smalley/
27649,Brandt Snedeker,https://www.pgatour.com/player/27649/brandt-snedeker/
39324,J.J. Spaun,https://www.pgatour.com/player/39324/j.j.-spaun/
34046,Jordan Spieth,https://www.pgatour.com/player/34046/jordan-spieth/
50484,Hayden Springer,https://www.pgatour.com/player/50484/hayden-springer/
30692,Scott Stallings,https://www.pgatour.com/player/30692/scott-stallings/
51600,Jimmy Stanger,https://www.pgatour.com/player/51600/jimmy-stanger/
30110,Kyle Stanley,https://www.pgatour.com/player/30110/kyle-stanley/
55893,Sam Stevens,https://www.pgatour.com/player/55893/sam-stevens/
49960,Sepp Straka,https://www.pgatour.com/player/49960/sepp-straka/
27214,Kevin Streelman,https://www.pgatour.com/player/27214/kevin-streelman/
60019,Jackson Suber,https://www.pgatour.com/player/60019/jackson-suber/
40115,Adam Svensson,https://www.pgatour.com/player/40115/adam-svensson/
57586,Jesper Svensson,https://www.pgatour.com/player/57586/jesper-svensson/
25493,Nick Taylor,https://www.pgatour.com/player/25493/nick-taylor/
51634,Sahith Theegala,https://www.pgatour.com/player/51634/sahith-theegala/
33448,Justin Thomas,https://www.pgatour.com/player/33448/justin-thomas/
58168,Davis Thompson,https://www.pgatour.com/player/58168/davis-thompson/
32150,Michael Thompson,https://www.pgatour.com/player/32150/michael-thompson/
57364,Michael Thorbjornsen,https://www.pgatour.com/player/57364/michael-thorbjornsen/
52144,Braden Thornberry,https://www.pgatour.com/player/52144/braden-thornberry/
30927,Brendon Todd,https://www.pgatour.com/player/30927/brendon-todd/
38991,Alejandro Tosti,https://www.pgatour.com/player/38991/alejandro-tosti/
35617,Martin Trainer,https://www.pgatour.com/player/35617/martin-trainer/
32333,Kevin Tway,https://www.pgatour.com/player/32333/kevin-tway/
52666,Sami Valimaki,https://www.pgatour.com/player/52666/sami-valimaki/
40006,Erik van Rooyen,https://www.pgatour.com/player/40006/erik-van-rooyen/
27064,Jhonattan Vegas,https://www.pgatour.com/player/27064/jhonattan-vegas/
58619,Kevin Velo,https://www.pgatour.com/player/58619/kevin-velo/
35658,Kris Ventura,https://www.pgatour.com/player/35658/kris-ventura/
54304,Karl Vilips,https://www.pgatour.com/player/54304/karl-vilips/
27770,Camilo Villegas,https://www.pgatour.com/player/27770/camilo-villegas/
54607,Danny Walker,https://www.pgatour.com/player/54607/danny-walker/
25632,Jimmy Walker,https://www.pgatour.com/player/25632/jimmy-walker/
48887,Matt Wallace,https://www.pgatour.com/player/48887/matt-wallace/
31113,Paul Waring,https://www.pgatour.com/player/31113/paul-waring/
27095,Nick Watney,https://www.pgatour.com/player/27095/nick-watney/
51894,Vince Whaley,https://www.pgatour.com/player/51894/vince-whaley/
50474,Tim Widing,https://www.pgatour.com/player/50474/tim-widing/
32139,Danny Willett,https://www.pgatour.com/player/32139/danny-willett/
49964,Aaron Wise,https://www.pgatour.com/player/49964/aaron-wise/
31323,Gary Woodland,https://www.pgatour.com/player/31323/gary-woodland/
08793,Tiger Woods,https://www.pgatour.com/player/08793/tiger-woods/
52374,Brandon Wu,https://www.pgatour.com/player/52374/brandon-wu/
54783,Dylan Wu,https://www.pgatour.com/player/54783/dylan-wu/
54328,Norman Xiong,https://www.pgatour.com/player/54328/norman-xiong/
57366,Cameron Young,https://www.pgatour.com/player/57366/cameron-young/
52513,Carson Young,https://www.pgatour.com/player/52513/carson-young/
45242,Kevin Yu,https://www.pgatour.com/player/45242/kevin-yu/
55454,Carl Yuan,https://www.pgatour.com/player/55454/carl-yuan/
47483,Will Zalatoris,https://www.pgatour.com/player/47483/will-zalatoris/
